[
  {
    "brandName": "Audi",
    "modelName": "A1",
    "year": 2011,
    "price": 35000,
    "imageUrl": "img/audi_a1_1.jpg",
    "countryName": "Germany",
    "regionName": "Bavaria",
    "comments" : [
      "This car is awesome I want it\nBeatiful color\nFunny look",
      "Very cool vehicle\nJust perfect"
    ]
  },
  {
    "brandName": "Audi",
    "modelName": "A1",
    "year": 2010,
    "price": 30000,
    "imageUrl": "img/audi_a1_2.jpg",
    "countryName": "Poland",
    "regionName": "Masovia",
    "comments" : [
      "Very fast car",
      "Very good look"
    ]
  },
  {
    "brandName": "Audi",
    "modelName": "A1",
    "year": 2009,
    "price": 28000,
    "imageUrl": "img/audi_a1_3.jpg",
    "countryName": "Germany",
    "regionName": "Bavaria",
    "comments" : []
  },
  {
    "brandName": "Audi",
    "modelName": "A1",
    "year": 2010,
    "price": 32000,
    "imageUrl": "img/audi_a1_4.jpg",
    "countryName": "Poland",
    "regionName": "Silesia",
    "comments" : []
  },
  {
    "brandName": "Audi",
    "modelName": "A3",
    "year": 2012,
    "price": 55000,
    "imageUrl": "img/audi_a3_1.jpg",
    "countryName": "Poland",
    "regionName": "Masovia",
    "comments" : []
  },
  {
    "brandName": "Audi",
    "modelName": "A3",
    "year": 2007,
    "price": 15000,
    "imageUrl": "img/audi_a3_2.jpg",
    "countryName": "Germany",
    "regionName": "Hesse",
    "comments" : []
  },
  {
    "brandName": "Audi",
    "modelName": "A3",
    "year": 2007,
    "price": 17000,
    "imageUrl": "img/audi_a3_3.jpg",
    "countryName": "Germany",
    "regionName": "Hesse",
    "comments" : []
  },
  {
    "brandName": "Audi",
    "modelName": "A4",
    "year": 2009,
    "price": 25000,
    "imageUrl": "img/audi_a4_1.jpg",
    "countryName": "Poland",
    "regionName": "Lesser Poland",
    "comments" : []
  },
  {
    "brandName": "Audi",
    "modelName": "A4",
    "year": 2011,
    "price": 45000,
    "imageUrl": "img/audi_a4_2.jpg",
    "countryName": "Germany",
    "regionName": "Bavaria",
    "comments" : []
  },
  {
    "brandName": "BMW",
    "modelName": "Series 3",
    "year": 2010,
    "price": 37000,
    "imageUrl": "img/bmw_s3_1.jpg",
    "countryName": "Poland",
    "regionName": "Masovia",
    "comments" : []
  },
  {
    "brandName": "BMW",
    "modelName": "Series 3",
    "year": 2007,
    "price": 18000,
    "imageUrl": "img/bmw_s3_2.jpg",
    "countryName": "Germany",
    "regionName": "Bavaria",
    "comments" : []
  },
  {
    "brandName": "BMW",
    "modelName": "Series 5",
    "year": 2011,
    "price": 45000,
    "imageUrl": "img/bmw_s5_1.jpg",
    "countryName": "Germany",
    "regionName": "Bavaria",
    "comments" : []
  },
  {
    "brandName": "BMW",
    "modelName": "Series 5",
    "year": 2008,
    "price": 25000,
    "imageUrl": "img/bmw_s5_2.jpg",
    "countryName": "Czech Republic",
    "regionName": "Liberec",
    "comments" : []
  },
  {
    "brandName": "BMW",
    "modelName": "Series 7",
    "year": 2007,
    "price": 27000,
    "imageUrl": "img/bmw_s7_1.jpg",
    "countryName": "Germany",
    "regionName": "Bavaria",
    "comments" : []
  },
  {
    "brandName": "BMW",
    "modelName": "Series 7",
    "year": 2011,
    "price": 45000,
    "imageUrl": "img/bmw_s7_2.jpg",
    "countryName": "Czech Republic",
    "regionName": "Zlin",
    "comments" : []
  },
  {
    "brandName": "BMW",
    "modelName": "Series 7",
    "year": 2005,
    "price": 19000,
    "imageUrl": "img/bmw_s7_3.jpg",
    "countryName": "Germany",
    "regionName": "Bavaria",
    "comments" : []
  },
  {
    "brandName": "Citroen",
    "modelName": "C1",
    "year": 2011,
    "price": 17500,
    "imageUrl": "img/citroen_c1_1.jpg",
    "countryName": "Germany",
    "regionName": "Bavaria",
    "comments" : []
  },
  {
    "brandName": "Citroen",
    "modelName": "C1",
    "year": 2009,
    "price": 12000,
    "imageUrl": "img/citroen_c1_2.jpg",
    "countryName": "Czech Republic",
    "regionName": "Karlovy Vary",
    "comments" : []
  },
  {
    "brandName": "Citroen",
    "modelName": "C2",
    "year": 2011,
    "price": 22000,
    "imageUrl": "img/citroen_c2_1.jpg",
    "countryName": "Germany",
    "regionName": "Bavaria",
    "comments" : []
  },
  {
    "brandName": "Citroen",
    "modelName": "C2",
    "year": 2007,
    "price": 16000,
    "imageUrl": "img/citroen_c2_2.jpg",
    "countryName": "Germany",
    "regionName": "Bavaria",
    "comments" : []
  },
  {
    "brandName": "Citroen",
    "modelName": "C3",
    "year": 2011,
    "price": 21000,
    "imageUrl": "img/citroen_c3_1.jpg",
    "countryName": "Germany",
    "regionName": "Bavaria",
    "comments" : []
  },
  {
    "brandName": "Citroen",
    "modelName": "C3",
    "year": 2010,
    "price": 19000,
    "imageUrl": "img/citroen_c3_2.jpg",
    "countryName": "Germany",
    "regionName": "Bavaria",
    "comments" : []
  },
  {
    "brandName": "Citroen",
    "modelName": "C3",
    "year": 2007,
    "price": 13000,
    "imageUrl": "img/citroen_c3_3.jpg",
    "countryName": "Germany",
    "regionName": "Bavaria",
    "comments" : []
  },
  {
    "brandName": "Dacia",
    "modelName": "Duster",
    "year": 2011,
    "price": 35000,
    "imageUrl": "img/dacia_duster_1.jpg",
    "countryName": "Poland",
    "regionName": "Masovia",
    "comments" : []
  },
  {
    "brandName": "Dacia",
    "modelName": "Duster",
    "year": 2010,
    "price": 30000,
    "imageUrl": "img/dacia_duster_2.jpg",
    "countryName": "Germany",
    "regionName": "Bavaria",
    "comments" : []
  },
  {
    "brandName": "Dacia",
    "modelName": "Logan",
    "year": 2011,
    "price": 25000,
    "imageUrl": "img/dacia_logan_1.jpg",
    "countryName": "Germany",
    "regionName": "Bavaria",
    "comments" : []
  },
  {
    "brandName": "Dacia",
    "modelName": "Logan",
    "year": 2006,
    "price": 9000,
    "imageUrl": "img/dacia_logan_2.jpg",
    "countryName": "Germany",
    "regionName": "Bavaria",
    "comments" : []
  },
  {
    "brandName": "Dacia",
    "modelName": "Sandero",
    "year": 2012,
    "price": 23000,
    "imageUrl": "img/dacia_sandero_1.jpg",
    "countryName": "Germany",
    "regionName": "Bavaria",
    "comments" : []
  },
  {
    "brandName": "Dacia",
    "modelName": "Sandero",
    "year": 2009,
    "price": 14000,
    "imageUrl": "img/dacia_sandero_2.jpg",
    "countryName": "Germany",
    "regionName": "Bavaria",
    "comments" : []
  }
]