[{"appName":"tracerAnalytic","wflowName":"BREFundingCheckpoint","wflowStart":1404799428131,"wflowEnd":1404799432884,"wflowDuration":4753,"hostName":"stage2lpln06.qa.paypal.com","additionalInfo":"hostname=stage2lpln06.qa.paypal.com|totalMemory=2093809664|maxMemory=2093809664|freeMemory=1542064680|pe.CompletedTaskCount=0|pe.activeThreadCount=0|pe.corePoolSize=200|pe.currentQueueSize=0|pe.keepAliveTime=1000|pe.largestPoolSize=0|pe.maxPoolSize=200|pe.queueSize=0|pe.taskCount=0|pe.threadPoolSize=0","correlationId":"3cc19e88225bd"}
,
{"appName":"tracerAnalytic","wflowName":"BREFundingCheckpoint","wflowStart":1404799428130,"wflowEnd":1404799432884,"wflowDuration":4754,"hostName":"stage2lpln06.qa.paypal.com","additionalInfo":"hostname=stage2lpln06.qa.paypal.com|totalMemory=2093809664|maxMemory=2093809664|freeMemory=1542064680|pe.CompletedTaskCount=0|pe.activeThreadCount=0|pe.corePoolSize=200|pe.currentQueueSize=0|pe.keepAliveTime=1000|pe.largestPoolSize=0|pe.maxPoolSize=200|pe.queueSize=0|pe.taskCount=0|pe.threadPoolSize=0","correlationId":"3dc1a01b225bc"}
,
{"appName":"tracerAnalytic","wflowName":"BREFundingCheckpoint","wflowStart":1404799428130,"wflowEnd":1404799432885,"wflowDuration":4755,"hostName":"stage2lpln06.qa.paypal.com","additionalInfo":"hostname=stage2lpln06.qa.paypal.com|totalMemory=2093809664|maxMemory=2093809664|freeMemory=1542064680|pe.CompletedTaskCount=0|pe.activeThreadCount=0|pe.corePoolSize=200|pe.currentQueueSize=0|pe.keepAliveTime=1000|pe.largestPoolSize=0|pe.maxPoolSize=200|pe.queueSize=0|pe.taskCount=0|pe.threadPoolSize=0","correlationId":"3ec1a1ae225bf"}
,
{"appName":"tracerAnalytic","wflowName":"BREFundingCheckpoint","wflowStart":1404799428130,"wflowEnd":1404799432884,"wflowDuration":4754,"hostName":"stage2lpln06.qa.paypal.com","additionalInfo":"hostname=stage2lpln06.qa.paypal.com|totalMemory=2093809664|maxMemory=2093809664|freeMemory=1542064680|pe.CompletedTaskCount=0|pe.activeThreadCount=0|pe.corePoolSize=200|pe.currentQueueSize=0|pe.keepAliveTime=1000|pe.largestPoolSize=0|pe.maxPoolSize=200|pe.queueSize=0|pe.taskCount=0|pe.threadPoolSize=0","correlationId":"3fc1a341225be"}]